timestamp,latitude,longitude
1667639805.800831,12.981123286585186,77.59677546694549
1667639805.800853,12.980446862149002,77.59491873009979
1667639805.80086,12.980715513753664,77.60386010558864
1667639805.800864,12.976229950971621,77.59990934448719
1667639805.800868,12.974922194510338,77.59832599716121
1667639805.800871,12.972624939832544,77.60405675182112
1667639805.800875,12.973932530182646,77.60247224945459
1667639805.800879,12.97292133097754,77.59618908685049
1667639805.800883,12.974291935684965,77.59996409171156
1667639805.800886,12.973612488878816,77.60450068662477
timestamp,latitude,longitude
1667640054.77822,12.977617182642811,77.5980653614234
1667640054.7782469,12.979719399097984,77.60117815435437
1667640054.778256,12.972268310629582,77.60200217912018
1667640054.778264,12.981122346952185,77.60399779337023
1667640054.778271,12.972165482481063,77.60394086001601
1667640054.7782779,12.979530624303855,77.59808247873849
1667640054.778285,12.97724294226195,77.60258047265282
1667640054.778291,12.97662577600951,77.59887504281396
1667640054.7782981,12.975007413954865,77.60356404341462
1667640054.778307,12.974193899920515,77.59475375545942
timestamp,latitude,longitude
1667640080.227097,12.971739132041439,77.59568461739963
1667640080.227113,12.97537625274755,77.59674648906612
1667640080.227118,12.97410141181796,77.60222372737844
1667640080.2271218,12.977054295116924,77.60302232622881
1667640080.2271261,12.97620139766828,77.6045198205782
1667640080.2271302,12.971622568021473,77.59603514872087
1667640080.227134,12.98100418857608,77.59647602597433
1667640080.227138,12.977629226290542,77.59863227499025
1667640080.2271419,12.981341715728082,77.60000700678451
1667640080.227146,12.97498545032278,77.5976562151432
timestamp,latitude,longitude
1667640096.945655,12.973941274145638,77.60195832772439
1667640096.9456692,12.974524073409931,77.59920121780742
1667640096.945673,12.97666230783248,77.60222726764161
1667640096.945677,12.979040772269519,77.59700133262241
1667640096.94568,12.975950214118592,77.5963388186933
1667640096.945684,12.9731584735166,77.60198912113542
1667640096.945687,12.97269172489499,77.59832634882812
1667640096.9456902,12.97399428959169,77.6034231332921
1667640096.945694,12.980375748481753,77.59712697476029
1667640096.945697,12.973622428868548,77.59699251084608
timestamp,latitude,longitude
1667641606.961697,12.975698506248175,77.60313690653214
1667641606.9617212,12.97522326987334,77.60101991536719
1667641606.96173,12.981069531857411,77.5996268979838
1667641606.961737,12.979520883659607,77.6002480819473
1667641606.961743,12.979593556956253,77.60211383600213
1667641606.961749,12.976986665653682,77.59695244875998
1667641606.9617548,12.97734360448064,77.60408885980928
1667641606.961762,12.981082477627334,77.60128819364125
1667641606.961768,12.972313293627629,77.59725852174587
1667641606.961774,12.981349790033972,77.59641668143752
timestamp,latitude,longitude
1667641636.270367,12.972081583055244,77.60136101218755
1667641636.270384,12.979333982245649,77.60398796169297
1667641636.270388,12.978872154288528,77.59613784347607
1667641636.2703922,12.97691837293499,77.59735510952709
1667641636.270396,12.974805435180095,77.59752033584046
1667641636.2704,12.97940385050997,77.60188354625515
1667641636.270404,12.974028799446488,77.60076755400749
1667641636.270408,12.981039106784545,77.59868290071967
1667641636.270412,12.978577019269354,77.60389475701913
1667641636.270415,12.980499342878488,77.59515856122033
timestamp,latitude,longitude
1667641645.622695,12.981188747109222,77.60116911035519
1667641645.62271,12.976695029441252,77.5996818167624
1667641645.622715,12.973929765790274,77.60103666478216
1667641645.6227179,12.97676817598487,77.60335004487682
1667641645.6227221,12.976425385022083,77.60220578950906
1667641645.622725,12.973990384985822,77.59724829613633
1667641645.622729,12.98065628547177,77.59601533308599
1667641645.622732,12.979025192365146,77.598323949977
1667641645.622736,12.973279229003753,77.60154822102166
1667641645.6227388,12.977689828970233,77.59508872274385
timestamp,latitude,longitude
1667642077.73343,12.97457531307543,77.59718652439906
1667642077.733451,12.981197762140225,77.59910984355605
1667642077.7334569,12.980224921534079,77.59995240693924
1667642077.733463,12.976671573639958,77.60139071810688
1667642077.7334678,12.980442072859333,77.60359961184732
1667642077.733473,12.978103037600716,77.59924774961713
1667642077.7334778,12.975209071961164,77.6043607235406
1667642077.733484,12.974412690595788,77.60292261097771
1667642077.7334888,12.9785232091053,77.59480032748758
1667642077.733494,12.980744616696587,77.59803526874204
timestamp,latitude,longitude
1667642246.387672,12.973629763289232,77.60305123330401
1667642246.387702,12.97809662610556,77.5996982445809
1667642246.387711,12.978032854470419,77.5965286467872
1667642246.387719,12.9783065482585,77.60148385595438
1667642246.387727,12.973893143242186,77.5953525090598
1667642246.387734,12.974162770857593,77.60017118014639
1667642246.387742,12.977057574006347,77.60393646225286
1667642246.38775,12.981261395316093,77.6014205750543
1667642246.387758,12.977825262712518,77.59510825456256
1667642246.387765,12.979073310185042,77.59579919879317
timestamp,latitude,longitude
1667642318.0184698,12.979202165058972,77.60282113868118
1667642318.018486,12.974838949244242,77.60337126473564
1667642318.0184908,12.978022898234043,77.60119148457214
1667642318.018495,12.98133018972664,77.60339543550636
1667642318.0184991,12.978835218110662,77.60015673140904
1667642318.018502,12.97569630387684,77.5955931221378
1667642318.018506,12.977437817933756,77.6034363437983
1667642318.01851,12.975264418445759,77.60015181229022
1667642318.018514,12.976139054118208,77.59492456670306
1667642318.018517,12.97251962260362,77.60091521796588
timestamp,latitude,longitude
1667642319.710028,12.981211004427486,77.59560405903675
1667642319.710042,12.978291566715308,77.59476732656242
1667642319.710047,12.979499117419342,77.60239420562516
1667642319.71005,12.974467870437117,77.60231168360936
1667642319.710054,12.973039590148232,77.60109835689873
1667642319.710057,12.977886428100604,77.60271662850836
1667642319.7100601,12.972035447884291,77.5984864027484
1667642319.7100642,12.975907443492968,77.59747493578777
1667642319.710068,12.975761935693015,77.5968482006144
1667642319.710071,12.978160841256107,77.60441495077389
timestamp,latitude,longitude
timestamp,latitude,longitude
1667642657.828953,12.97864649063576,77.60229005313545
1667642657.8289769,12.978868503709752,77.60402209259838
1667642657.828985,12.978130722412354,77.6028006421664
1667642657.828992,12.976178190002052,77.60328104373845
1667642657.8289979,12.972374193419345,77.5954063780904
1667642657.829004,12.97811109073325,77.59835629964802
1667642657.82901,12.973815459951446,77.59998424788151
1667642657.8290172,12.975564181353013,77.59907265652386
1667642657.829023,12.97386141923006,77.60091040549393
1667642657.829029,12.980108777001199,77.6032721477442
timestamp,latitude,longitude
1667642659.8320389,12.978369693840738,77.60320671828255
1667642659.832056,12.980535632639475,77.5986343481244
1667642659.8320608,12.97564398306263,77.6016896776094
1667642659.832065,12.978535589157252,77.59843585746175
1667642659.8320692,12.971715451396706,77.60368413006532
1667642659.832072,12.979252746361755,77.60223721245569
1667642659.832076,12.977703883198558,77.60041842207461
1667642659.83208,12.972453938540909,77.60139330161948
1667642659.832084,12.972157547188283,77.60400066817067
1667642659.832087,12.972010415868317,77.59787869465788
timestamp,latitude,longitude
1667643159.9371881,12.974457141293371,77.59579091252299
1667643159.937213,12.972167656095225,77.59944523318264
1667643159.93722,12.97873964594162,77.59676520839854
1667643159.937227,12.977616402482871,77.60095982756914
1667643159.937233,12.97518866633848,77.60178526321259
1667643159.937239,12.97798378066269,77.60156532397056
1667643159.9372458,12.980864020323374,77.60426715122696
1667643159.937252,12.973077560455138,77.59920910760768
1667643159.937259,12.977772163406987,77.59854734226738
1667643159.937265,12.97649428156363,77.59617236337012
timestamp,latitude,longitude
1667654277.8116102,12.977565493421514,77.59469288246517
1667654277.8116322,12.971771647554386,77.59797539091613
1667654277.811638,12.974203505845429,77.60305990277284
1667654277.8116438,12.972431286740093,77.59530709958287
1667654277.811649,12.971883107274147,77.59508792754364
1667654277.8116539,12.973566915273658,77.60052547250038
1667654277.811659,12.973375265395855,77.60167222694052
1667654277.8116639,12.97970976241129,77.60315005292564
1667654277.811668,12.971719923979665,77.60211965082812
1667654277.8116732,12.97421551346566,77.60103967254862
timestamp,latitude,longitude
1667654281.864952,12.97991009699209,77.6016623397173
1667654281.864994,12.974476160298758,77.59825365017379
1667654281.8649988,12.981101998702357,77.5946633219074
1667654281.865004,12.971965814205042,77.60032418761583
1667654281.865008,12.972078548505698,77.59910997219039
1667654281.8650198,12.980037066655719,77.59879326809966
1667654281.865024,12.977273208780131,77.5993581666433
1667654281.8650272,12.973265591488259,77.60366196403776
1667654281.865031,12.98028857008403,77.59711933999708
1667654281.8650339,12.97577456802796,77.59630744214563
timestamp,latitude,longitude
1667654373.356954,12.977169369754288,77.59673774432505
1667654373.356988,12.98074528260831,77.60312237897712
1667654373.3569942,12.972345449826827,77.60117767759131
1667654373.356998,12.979654629711607,77.59466899682243
1667654373.357002,12.97286911812625,77.5964240064497
1667654373.357006,12.977155604017709,77.60006214426622
1667654373.35701,12.972299051443638,77.59512728231557
1667654373.357014,12.971842241119038,77.59516170211496
1667654373.357018,12.975279039923432,77.59939451209223
1667654373.357022,12.97499324992114,77.59481129287005
timestamp,latitude,longitude
1667660634.01805,12.977409169666888,77.60098094742447
1667660634.018077,12.974094841681342,77.60044533330849
1667660634.018085,12.971678101110315,77.60059378425615
1667660634.018091,12.98145360064199,77.59624733302783
1667660634.0180979,12.973331825539946,77.60116677836534
1667660634.018104,12.972659103025311,77.60187754489576
1667660634.01811,12.981594547902253,77.59986076381942
1667660634.018116,12.97873037352598,77.5961744136511
1667660634.018123,12.975725886465472,77.60374615587959
1667660634.0181289,12.979297908801529,77.600614963002
timestamp,latitude,longitude
1667660682.251051,12.978469970075613,77.60017418557547
1667660682.251075,12.979047536687798,77.59783669723049
1667660682.251083,12.972597035683847,77.5996263314072
1667660682.2510889,12.977888850928757,77.59483704788845
1667660682.251096,12.97236961931185,77.60164668901551
1667660682.251102,12.97504216159229,77.59735989157674
1667660682.2511082,12.979787470259918,77.59753777780888
1667660682.251114,12.97311101951255,77.60166849461689
1667660682.25112,12.97632618550001,77.59878619795624
1667660682.251126,12.981069864682587,77.599618928701
timestamp,latitude,longitude
1667661316.476884,12.975356698945676,77.60012965030683
1667661316.4769,12.978093468487295,77.59471436705043
1667661316.4769049,12.980061497032784,77.59498937435339
1667661316.4769092,12.97771741347876,77.5978138090315
1667661316.476912,12.978237728729635,77.60333836749923
1667661316.476916,12.974040237887245,77.60101782511931
1667661316.476919,12.97695167929305,77.60249873519685
1667661316.476923,12.977302148452877,77.5999644950237
1667661316.476927,12.97956390073189,77.60427563147854
1667661316.4769301,12.980216114934834,77.59968903269933
timestamp,latitude,longitude
1667661937.792692,12.978608633615986,77.59716446079698
1667661937.792713,12.973900319764216,77.60005504665435
1667661937.7927198,12.98048273916575,77.59716837261836
1667661937.792725,12.980707075845098,77.59797286391759
1667661937.79273,12.980715323594907,77.60032999727804
1667661937.7927349,12.98145275857884,77.60238286478238
1667661937.79274,12.98146808613386,77.59987248202329
1667661937.7927449,12.97531829763427,77.59689267903184
1667661937.7927501,12.97282538584625,77.60177254862445
1667661937.792755,12.974702969135384,77.60414551533701
timestamp,latitude,longitude
1667661939.4598122,12.975752911093672,77.59554961579826
1667661939.459827,12.974411299241963,77.60223780146755
1667661939.459831,12.981222828473447,77.59496220681828
1667661939.4598348,12.978029273083852,77.60186720927923
1667661939.459838,12.97716625408235,77.60258309050512
1667661939.459842,12.979655128574665,77.60234845192994
1667661939.459845,12.974933625745958,77.60399429838402
1667661939.4598489,12.979743326204572,77.60303019224794
1667661939.459852,12.97720123538196,77.60078871742286
1667661939.459855,12.980552082040056,77.60135854296765
timestamp,latitude,longitude
1667661981.415204,12.973808529599708,77.59683021969086
1667661981.4152188,12.975562426942764,77.60454655831344
1667661981.415224,12.975286883763207,77.59786811006052
1667661981.415228,12.980661480704594,77.59549866183751
1667661981.415231,12.976837486388082,77.59880544124913
1667661981.415234,12.972058330109903,77.59788194296313
1667661981.415238,12.972303504491707,77.60075770721951
1667661981.415241,12.979706955485977,77.5959751343747
1667661981.415245,12.97491398309628,77.59564276005327
1667661981.415248,12.977167954293988,77.6032644788063
timestamp,latitude,longitude
1667662098.525813,12.981582265253314,77.59721305258415
1667662098.525837,12.978646093939988,77.59488576723473
1667662098.525845,12.98032407040485,77.60274405840428
1667662098.5258508,12.9778922239008,77.6030513416313
1667662098.5258582,12.974516084947586,77.59820204668361
1667662098.525864,12.976258171861998,77.59912609249412
1667662098.52587,12.980626917327793,77.59492699441935
1667662098.525876,12.973994621778463,77.60295879130214
1667662098.525883,12.975504158151661,77.59960916506878
1667662098.525889,12.972490487906388,77.60266662084136
timestamp,latitude,longitude
1667662100.358387,12.980504547852357,77.59675196041603
1667662100.358402,12.976808593256967,77.60297934697158
1667662100.358407,12.979497076800872,77.60436399200547
1667662100.358411,12.977503855050992,77.60177236946026
1667662100.3584142,12.979384185140006,77.60305807944638
1667662100.358418,12.974024530433779,77.60178027616412
1667662100.358421,12.979887443024454,77.60048062948518
1667662100.3584251,12.971996788052389,77.5996727277912
1667662100.358428,12.97409498940553,77.596300841666
1667662100.358432,12.977427978153974,77.6039904932397
timestamp,latitude,longitude
1667662166.757484,12.981321538727398,77.60170661179401
1667662166.75751,12.977503691507147,77.59739727889591
1667662166.757518,12.98109626465574,77.6035264787458
1667662166.757524,12.976140382478588,77.59898554243371
1667662166.7575302,12.980670116176954,77.60007169824691
1667662166.7575371,12.974017251165458,77.60098742377535
1667662166.7575428,12.97618976093954,77.59594412490642
1667662166.75755,12.979892996385882,77.60210022562788
1667662166.757556,12.976734006490096,77.60312602680011
1667662166.7575622,12.973609808377994,77.60306124696237
timestamp,latitude,longitude
1667662399.242024,12.972028637432947,77.59813529642814
1667662399.242044,12.97246026058255,77.60262222261748
1667662399.242049,12.975307931501723,77.59909783272758
1667662399.242053,12.979389543195815,77.60092448873944
1667662399.2420568,12.972828590140468,77.59556175511128
1667662399.2420611,12.973670714865042,77.59717026582557
1667662399.2420638,12.971658596539035,77.59758001281058
1667662399.242068,12.978971682779939,77.59537835750844
1667662399.242072,12.977697090212496,77.60205019941891
1667662399.242075,12.976104289060547,77.60239689973726
timestamp,latitude,longitude
1667662500.892652,12.976936750640945,77.60216591539248
1667662500.892677,12.977485754409079,77.60255549138658
1667662500.8926852,12.977154020219032,77.601412615673
1667662500.892691,12.977550262372489,77.5990139483331
1667662500.892698,12.98138567023636,77.60024590846771
1667662500.892704,12.97745971213551,77.59752926020755
1667662500.89271,12.976984882980515,77.60446193638417
1667662500.892716,12.979919898298014,77.5976723977411
1667662500.8927228,12.97490486407415,77.59699264457348
1667662500.892729,12.979185101356578,77.6044824886472
timestamp,latitude,longitude
1667662571.061239,12.973850186088525,77.59649984898302
1667662571.061253,12.972533797443388,77.60148327021867
1667662571.061258,12.97891694137761,77.59525680903978
1667662571.061261,12.977064133284289,77.60308304519191
1667662571.061265,12.978623331306395,77.59547228452452
1667662571.0612679,12.981152353762408,77.60314811624743
1667662571.0612721,12.980139073799108,77.60089520938199
1667662571.0612748,12.976443989782096,77.60121721082328
1667662571.061279,12.977260885092695,77.59846473944768
1667662571.0612822,12.979698974625398,77.60320058721685
timestamp,latitude,longitude
1667662580.603887,12.976853585689414,77.60340134354838
1667662580.6039019,12.972685067556334,77.6045369303975
1667662580.6039062,12.976639791012094,77.59819111983272
1667662580.60391,12.97229289138227,77.5957275921967
1667662580.603913,12.97742926468224,77.5983391042773
1667662580.6039171,12.98032535289054,77.59656476179241
1667662580.60392,12.97718976107973,77.60185021546782
1667662580.6039228,12.978308931284213,77.59772973954522
1667662580.6039271,12.974017155003214,77.60271555639582
1667662580.60393,12.979018482736596,77.59654104646714
timestamp,latitude,longitude
1667662582.927718,12.972548544063772,77.59463936606858
1667662582.927732,12.97622727784471,77.5953207065904
1667662582.927736,12.976436103836727,77.60198206768946
1667662582.9277399,12.977934132833349,77.60123182425757
1667662582.927743,12.976528730764608,77.59516122113546
1667662582.927747,12.973299044706886,77.60426931694005
1667662582.9277499,12.976580159074702,77.59744100219606
1667662582.927753,12.97679799894924,77.59584384283916
1667662582.927757,12.974815509011167,77.60103235916856
1667662582.92776,12.977075518707977,77.59554990462429
timestamp,latitude,longitude
1667662627.2925282,12.976434814799504,77.59909809027488
1667662627.292543,12.971855879492317,77.59660656517096
1667662627.2925482,12.977434908350267,77.59729708537115
1667662627.292552,12.979553703112606,77.60426354234579
1667662627.292555,12.973631300740065,77.60207487121421
1667662627.2925591,12.976223021551826,77.60084043867855
1667662627.292562,12.97564315151262,77.59614026288784
1667662627.292566,12.979080680228817,77.60114858626487
1667662627.2925692,12.974715398958077,77.59781836948304
1667662627.292572,12.973950123994053,77.59819675262284
timestamp,latitude,longitude
1667662648.85124,12.979562830961088,77.60062321122065
1667662648.8512561,12.979105112020331,77.59630147417371
1667662648.851261,12.975637935988455,77.5963171535877
1667662648.851264,12.977618378578114,77.59503055660868
1667662648.851268,12.973478898038064,77.59760397999166
1667662648.851271,12.979548046111548,77.60255830731094
1667662648.851275,12.971600126160466,77.59946817245648
1667662648.851278,12.973142494958397,77.60383053052605
1667662648.851281,12.971839942840875,77.60366400908265
1667662648.851285,12.976746537260647,77.60053421301501
timestamp,latitude,longitude
1667662668.5412621,12.9763676002173,77.60339289778443
1667662668.541277,12.977893417116025,77.59948868667556
1667662668.541282,12.98133501577936,77.59605021389515
1667662668.541285,12.97177127004207,77.59840350055967
1667662668.5412889,12.973021235347856,77.60120998657797
1667662668.541292,12.978915115344872,77.6044451213707
1667662668.541295,12.975229483656866,77.59806121167605
1667662668.5412989,12.979479043105187,77.59670733370827
1667662668.541302,12.979455101837358,77.60159771949125
1667662668.541306,12.97860830525723,77.59769903712866
timestamp,latitude,longitude
1667662670.022879,12.979147224119592,77.59913188381665
1667662670.022895,12.97558629422828,77.59640619407504
1667662670.0228999,12.97554675148987,77.60216084138946
1667662670.022903,12.977668211791032,77.59840841888628
1667662670.0229068,12.978824584479229,77.6005396814066
1667662670.022911,12.972925743284568,77.59946820995941
1667662670.0229151,12.975909385008451,77.5995494789913
1667662670.022918,12.977183017296722,77.60441466206458
1667662670.022922,12.978457088399736,77.60434306056953
1667662670.0229251,12.977774355987329,77.59938051653408
timestamp,latitude,longitude
1667663942.80063,12.980175645651569,77.60286243261831
1667663942.800653,12.974927456927407,77.60378360403097
1667663942.800661,12.981012915044007,77.5949034089871
1667663942.800668,12.978284671303426,77.60450692233321
1667663942.8006752,12.973888055431491,77.59868676723582
1667663942.800682,12.977316904785466,77.59890836827886
1667663942.800688,12.977680078776887,77.60447423002917
1667663942.800695,12.973257674399433,77.602346077501
1667663942.8007019,12.9722136785116,77.59533148680138
1667663942.800709,12.975419433046708,77.59521690802865
timestamp,latitude,longitude
1667664904.619232,12.975647825565387,77.6022864667063
1667664904.619256,12.979375970819142,77.59821649373164
1667664904.619264,12.98136960886851,77.59911677050535
1667664904.6192708,12.974793732560794,77.59821938883196
1667664904.619277,12.974137834337046,77.60079160782762
1667664904.619283,12.979180871350854,77.60221704467462
1667664904.6192892,12.980775159956975,77.59920001802756
1667664904.619296,12.973108756841595,77.59517483456646
1667664904.6193018,12.97942877442684,77.59748530575357
1667664904.619308,12.974722968635012,77.5957219231794
timestamp,latitude,longitude
1667664917.036552,12.980463901381478,77.60399218474119
1667664917.036566,12.97368217323589,77.60359249988677
1667664917.0365708,12.973665670921285,77.60370114200731
1667664917.036574,12.976820669473398,77.596146390177
1667664917.036578,12.980121722092676,77.59678992892039
1667664917.036581,12.97424161609238,77.60436884164876
1667664917.0365849,12.973444734587554,77.60171889743305
1667664917.036588,12.971893796560993,77.60248706986877
1667664917.0365922,12.980543599293826,77.60081524974377
1667664917.0365949,12.975091043569027,77.59864929769007
timestamp,latitude,longitude
1667664932.860299,12.980521658512021,77.60062095588204
1667664932.8603141,12.973387321299306,77.60372989773464
1667664932.860318,12.97636018789525,77.5977000029363
1667664932.860322,12.978175930235706,77.59629386228568
1667664932.8603258,12.977310493039228,77.59501987286879
1667664932.860329,12.979477490082434,77.60425931484241
1667664932.860332,12.978773321834147,77.59995615214842
1667664932.860336,12.978572392890278,77.59754264386551
1667664932.860339,12.978585303119038,77.59770941171529
1667664932.860343,12.974883047264752,77.59504042597658
timestamp,latitude,longitude
1667665017.53137,12.97172877301738,77.5961413133409
1667665017.531384,12.973170036408357,77.6033756719775
1667665017.531389,12.972146310391153,77.60385673282033
1667665017.531392,12.975162629825427,77.59769081427862
1667665017.5313962,12.979600151024878,77.6034011117989
1667665017.531399,12.976033124449032,77.60012087212506
1667665017.531403,12.976711966576874,77.60302804888677
1667665017.5314062,12.978816891519097,77.60091392850443
1667665017.53141,12.980838762475159,77.59624976529803
1667665017.531413,12.980371329289632,77.60057032074305
timestamp,latitude,longitude
1667665029.216222,12.973343016020932,77.59854819009166
1667665029.2162418,12.976677540579173,77.59605116447263
1667665029.216247,12.97671184922355,77.5950404311759
1667665029.2162519,12.973771674123977,77.59610673391435
1667665029.216256,12.979038451284172,77.60289286923575
1667665029.2162602,12.975950326188482,77.59957955947017
1667665029.216264,12.979915811280119,77.60325602797406
1667665029.216268,12.971659679585176,77.59957147439981
1667665029.2162719,12.976739317016184,77.59884916135539
1667665029.216276,12.980007180521744,77.5949997179337
timestamp,latitude,longitude
1667665151.920935,12.979342080177616,77.59706113265575
1667665151.92096,12.97225525883162,77.59943065615049
1667665151.9209669,12.973174374865938,77.5954894528589
1667665151.920974,12.981584436746804,77.60217111844314
1667665151.92098,12.97541208816409,77.59872486883998
1667665151.9209862,12.978466366151928,77.59819173901454
1667665151.920993,12.97344024848962,77.59845670325407
1667665151.9209988,12.975758223776495,77.6034268649902
1667665151.921005,12.981379119345187,77.59717616594129
1667665151.921011,12.972110385960153,77.60337733557675
timestamp,latitude,longitude
1667665185.0078669,12.979753495676507,77.59657910850038
1667665185.007885,12.981330439090707,77.59758193732837
1667665185.0078888,12.975682673396332,77.59860307795283
1667665185.007893,12.971683737901435,77.60162188978025
1667665185.0078971,12.976054627733367,77.6002686639618
1667665185.007901,12.975154771870175,77.60198345191318
1667665185.007905,12.980431247661146,77.60392172923358
1667665185.007908,12.980235154642369,77.59717818320911
1667665185.007912,12.979182398145552,77.60213003926658
1667665185.007916,12.974931995586987,77.59726429014563
timestamp,latitude,longitude
1667665209.878627,12.979296649310491,77.60178062868312
1667665209.878658,12.972145217729311,77.59802556080322
1667665209.878667,12.976039132222613,77.5974495607653
1667665209.878675,12.974864025436663,77.5976012727715
1667665209.8786829,12.976489051380318,77.60352347148148
1667665209.878691,12.976595279031836,77.6019765840694
1667665209.878699,12.98068641092168,77.59903396160506
1667665209.878706,12.972142784915487,77.60422928748038
1667665209.878714,12.974873705687001,77.59903474223131
1667665209.878721,12.974317992770096,77.59851960681901
timestamp,latitude,longitude
1667665239.940928,12.979966837697562,77.60179950185513
1667665239.940943,12.976845995186956,77.59699407661958
1667665239.940948,12.976720632945286,77.60345191540347
1667665239.940952,12.976179564470792,77.60156435724826
1667665239.9409559,12.977098358512634,77.59479352635206
1667665239.940959,12.975220898561977,77.60334011726566
1667665239.940963,12.973857932010999,77.60285025304941
1667665239.9409668,12.97456070106431,77.60263448962267
1667665239.94097,12.9790345081332,77.59521117795224
1667665239.940974,12.980358566291658,77.59641597035953
timestamp,latitude,longitude
1667665241.4185731,12.980077331765111,77.60094861378695
1667665241.418588,12.976116849109415,77.60255064309932
1667665241.418592,12.981226587735705,77.59690243314998
1667665241.418595,12.972660208462742,77.5978640657895
1667665241.418599,12.976986674081095,77.59970757883632
1667665241.418602,12.97479748879601,77.60318826142243
1667665241.418606,12.97941424849645,77.5980121731079
1667665241.418609,12.980398867318096,77.60409948859316
1667665241.418613,12.97431970481779,77.6009717168772
1667665241.418616,12.973973503946622,77.59502794748639
timestamp,latitude,longitude
1667665388.0900888,12.981495099351337,77.60224014415311
1667665388.090119,12.975608693417998,77.60373445532228
1667665388.090129,12.972110415133391,77.60095793711554
1667665388.090137,12.974060733249006,77.60008128956902
1667665388.090144,12.980526352416781,77.6004392104994
1667665388.090152,12.974039951495174,77.60129408092558
1667665388.0901601,12.975222694272963,77.60278610375347
1667665388.090167,12.977997739733711,77.60044496366585
1667665388.090175,12.979560953585649,77.59502499887263
1667665388.0901818,12.976885021739731,77.59510305677709
timestamp,latitude,longitude
1667665541.032219,12.980822034624289,77.60248806672487
1667665541.032243,12.974532332769499,77.60031046699527
1667665541.032251,12.981223392156917,77.60193890408944
1667665541.032258,12.978921366708002,77.59609472118574
1667665541.032264,12.972104171221972,77.598307593493
1667665541.0322711,12.975529325378288,77.60034099045222
1667665541.032277,12.973953869989035,77.59950909572666
1667665541.0322828,12.975380327872635,77.59509203204921
1667665541.03229,12.972692684851252,77.60287113634169
1667665541.032296,12.979695838902586,77.5992611270904
timestamp,latitude,longitude
1667665542.850086,12.979822096770315,77.59735034190601
1667665542.8501,12.981443610485439,77.59559883328681
1667665542.850104,12.98150001945817,77.59509847309901
1667665542.850108,12.978583875732179,77.597226023534
1667665542.850111,12.972348273257985,77.59912337125694
1667665542.850114,12.972418422702509,77.59602225197182
1667665542.850118,12.978459613884299,77.59657107961506
1667665542.850121,12.980812146902936,77.59563593353559
1667665542.850125,12.974776730015044,77.59977984553458
1667665542.850128,12.975744671810093,77.60152051626112
timestamp,latitude,longitude
1667665694.249693,12.975700934345305,77.60353393185092
1667665694.249727,12.972325912667769,77.59631985901477
1667665694.249737,12.979584029274532,77.60186727632936
1667665694.249747,12.97181865309137,77.60097610704624
1667665694.2497559,12.978040183385774,77.60329800718243
1667665694.2497652,12.97196341850892,77.60454475264358
1667665694.249774,12.973820270556612,77.59820918809972
1667665694.249783,12.972220316651928,77.60215015046353
1667665694.249791,12.975285320546906,77.60032897405802
1667665694.249799,12.975209848131135,77.59916907552541
timestamp,latitude,longitude
1667665948.8874261,12.978527045158971,77.59884078114038
1667665948.887447,12.974964515750159,77.60210619829012
1667665948.887454,12.976866997394872,77.59733781828261
1667665948.887459,12.978494269522155,77.59527146858657
1667665948.887464,12.972442501854992,77.59593342412589
1667665948.887469,12.972322993154819,77.5999786813585
1667665948.8874738,12.973032367038087,77.60277570008185
1667665948.887479,12.980850360234117,77.59637709601047
1667665948.8874838,12.975717703572078,77.60406952304689
1667665948.887489,12.973107225265581,77.59587277144547
timestamp,latitude,longitude
1667666202.339523,12.974965568612381,77.60015299340739
1667666202.339547,12.97268924296087,77.5977487007382
1667666202.339554,12.97219210605625,77.60206809845833
1667666202.339561,12.981079301867855,77.60442540014496
1667666202.3395681,12.975749080905745,77.59923050386172
1667666202.339574,12.971900074021327,77.60299885560342
1667666202.339581,12.9813096501855,77.59488581605335
1667666202.339586,12.980705049464307,77.60350461343825
1667666202.339592,12.975816071775261,77.59698648173257
1667666202.3395982,12.977042497555109,77.5962100425656
timestamp,latitude,longitude
1667666238.918165,12.974763837227698,77.59552388979964
1667666238.91818,12.97366002435613,77.60281480671674
1667666238.918185,12.974804818795663,77.59833031795284
1667666238.918189,12.975950481423865,77.5993261219802
1667666238.9181929,12.977841106547062,77.59810442150655
1667666238.918197,12.980492973655483,77.59933457155812
1667666238.9182,12.972855201493745,77.59810808935055
1667666238.9182038,12.973236286737732,77.60177295102997
1667666238.918208,12.975087164639307,77.59720944815852
1667666238.918211,12.97796521680222,77.60207892954973
timestamp,latitude,longitude
1667666240.4866948,12.980821703970525,77.59805760839141
1667666240.48671,12.980339527331592,77.5991149485279
1667666240.4867141,12.980011010460919,77.5981850042278
1667666240.486718,12.977634626013902,77.60110269452706
1667666240.486721,12.976678219598785,77.59794430539446
1667666240.486725,12.97256390101284,77.59885024544896
1667666240.486728,12.975567650412607,77.59954247449744
1667666240.486731,12.981094137337628,77.60420320968093
1667666240.486735,12.980541524330564,77.59948201488756
1667666240.486738,12.97510034133635,77.60359150859944
timestamp,latitude,longitude
1667666407.354648,12.974613992516428,77.59879100544376
1667666407.354673,12.97534640223428,77.5955082598275
1667666407.35468,12.98015241670705,77.60032498540376
1667666407.354687,12.980119771894227,77.60239832631156
1667666407.3546932,12.97526960554979,77.601651434535
1667666407.3547,12.977873127392922,77.59993774283676
1667666407.3547058,12.980769282341937,77.59559875882762
1667666407.354712,12.980421208027424,77.5972302144383
1667666407.354719,12.975209771143044,77.59488174421894
1667666407.3547251,12.976978726256325,77.60339968454662
timestamp,latitude,longitude
1667666531.6044888,12.972629646808583,77.60055025300124
1667666531.60451,12.97470179326167,77.60063833607953
1667666531.604516,12.981598141168163,77.60379642724477
1667666531.604556,12.979695448385598,77.59932390357162
1667666531.6045609,12.975697999348736,77.60315179494738
1667666531.604566,12.978155217784582,77.59744899584365
1667666531.6045709,12.979870229106158,77.6018473085514
1667666531.604576,12.97992899988951,77.60382597499816
1667666531.604581,12.980135329191189,77.59562323823951
1667666531.604586,12.978727059632359,77.60130528398737
timestamp,latitude,longitude
1667666786.337892,12.97908774891251,77.60261317995928
1667666786.337919,12.972366045649602,77.59609687748016
1667666786.3379269,12.97328834004366,77.60058704418068
1667666786.337933,12.979121750085866,77.59498090909187
1667666786.33794,12.979836688333606,77.60230778853214
1667666786.3379462,12.975376362099983,77.60016668101584
1667666786.337953,12.975030896209613,77.59991400369823
1667666786.3379588,12.980788757961454,77.59478365639401
1667666786.337965,12.9784017942933,77.59486998891546
1667666786.337971,12.980489586023664,77.60408030838899
timestamp,latitude,longitude
1667666802.1077492,12.973783171872993,77.60005209415218
1667666802.107763,12.976530642730825,77.59523319034638
1667666802.107768,12.971767107161927,77.60348761795925
1667666802.107771,12.977271497225809,77.60244279451042
1667666802.107775,12.975543426390063,77.60024685305127
1667666802.107778,12.972493297891148,77.59665589566615
1667666802.107782,12.980195553374053,77.5957870683637
1667666802.107785,12.977278176810257,77.6012015075101
1667666802.107789,12.971610781421928,77.59857697365649
1667666802.107792,12.971847835709367,77.60108672313034
timestamp,latitude,longitude
1667666804.198842,12.978529160649737,77.60334156890154
1667666804.198857,12.971996770373742,77.59685265709622
1667666804.1988611,12.973253585184146,77.6004929738303
1667666804.198865,12.978569315705512,77.59949377097948
1667666804.198869,12.978170877463942,77.60183248906411
1667666804.198872,12.972891081144802,77.60276671046398
1667666804.198876,12.97872726974283,77.60250352474472
1667666804.198879,12.978927306357658,77.6006973073698
1667666804.198883,12.977092333238938,77.60252667738948
1667666804.198886,12.97527281773118,77.59982740518257
timestamp,latitude,longitude
1667666838.8187819,12.974989239360477,77.59829250804208
1667666838.818808,12.974272951568393,77.60307630439151
1667666838.818816,12.978675010008406,77.59794193813369
1667666838.8188229,12.976644065508301,77.59871801124267
1667666838.81883,12.977488560607563,77.59935816218311
1667666838.818837,12.977314598243042,77.60046774171333
1667666838.818843,12.978362613830424,77.60066971706651
1667666838.81885,12.976000201408718,77.59535090503844
1667666838.818856,12.97985600432654,77.60381973467885
1667666838.8188632,12.978549619423685,77.60066059962224
timestamp,latitude,longitude
1667666843.323564,12.980139713433989,77.60067768928097
1667666843.323592,12.977547266015609,77.60206128691568
1667666843.3235998,12.978623570138451,77.6043924786021
1667666843.323606,12.981317249788738,77.59723055892283
1667666843.323613,12.973103784969869,77.59509163972052
1667666843.3236191,12.97507758415259,77.60416835330082
1667666843.3236248,12.978707435750472,77.60203775255648
1667666843.323631,12.97327593037959,77.59835625018673
1667666843.323638,12.978637076508058,77.59807297851377
1667666843.323644,12.974112417759816,77.59735692692414
timestamp,latitude,longitude
1667666994.8039439,12.981375291068899,77.60154375595809
1667666994.80397,12.971899591591859,77.59971228362782
1667666994.803977,12.977275905663355,77.5998927883874
1667666994.8039849,12.981524128659018,77.59837148181717
1667666994.803991,12.977141501852515,77.59982515428243
1667666994.804,12.972981747594316,77.60445815884893
1667666994.804012,12.97303502583791,77.5947900534145
1667666994.80402,12.981070589681979,77.59529576319295
1667666994.804029,12.97570284459844,77.59504937094003
1667666994.8040378,12.976363920765934,77.59957020652743
timestamp,latitude,longitude
1667670848.6086788,12.973992097304187,77.59535320984098
1667670848.6086998,12.973774596571058,77.59849548639667
1667670848.608706,12.981271282603156,77.60342262262132
1667670848.608712,12.973540121937768,77.60304550344759
1667670848.608717,12.975562046634852,77.60452181409445
1667670848.608722,12.981266057251338,77.59870985954291
1667670848.608727,12.979910363905372,77.60055989340158
1667670848.6087308,12.976745045079557,77.59754458610246
1667670848.608736,12.976694233337158,77.59841524615078
1667670848.608741,12.978036328173147,77.60027335621966
timestamp,latitude,longitude
1667673921.22946,12.974928323441791,77.60127595153612
1667673921.229485,12.981226772484645,77.59853421147062
1667673921.229492,12.979665645381864,77.59489077421944
1667673921.2294989,12.979199210343173,77.59603889127338
1667673921.229506,12.979261528527779,77.59842494001016
1667673921.229512,12.974188594084413,77.60407299629276
1667673921.2295182,12.972147807115622,77.59707008629223
1667673921.229525,12.979963817674813,77.59976664244586
1667673921.2295308,12.972056602513021,77.5969272629738
1667673921.229537,12.97693430926448,77.59972801369486
timestamp,latitude,longitude
1667673923.103961,12.979232263229296,77.60283958424132
1667673923.1039748,12.980633510947856,77.59857889371624
1667673923.103979,12.979021407626524,77.60063573481793
1667673923.1039832,12.977827515801904,77.60411340720394
1667673923.103987,12.977083787534765,77.59552991248992
1667673923.10399,12.978200784193783,77.60238844611168
1667673923.1039941,12.976164502382344,77.60387341807655
1667673923.103997,12.981430561087556,77.59724307935664
1667673923.104001,12.97653076916883,77.6032894385109
1667673923.1040041,12.98108979049463,77.60207110724708
timestamp,latitude,longitude
1667674668.4423082,12.979281026249247,77.60430793346559
1667674668.4423318,12.975426129191144,77.60194530984901
1667674668.4423392,12.972830852999506,77.60451772812657
1667674668.442346,12.971860689334715,77.59775874974945
1667674668.442352,12.972222610161165,77.59961922930775
1667674668.442359,12.976218626537694,77.60212188318995
1667674668.442365,12.977456686120432,77.60315498996728
1667674668.4423711,12.976402477604875,77.59915808124826
1667674668.442378,12.981094818387403,77.60351193081026
1667674668.4423838,12.97509122843781,77.60444248069875
timestamp,latitude,longitude
1667675803.463865,12.976239891502415,77.59501878738703
1667675803.463895,12.979784444065539,77.60144305555109
1667675803.463904,12.978900120122402,77.59472154031829
1667675803.463913,12.980604523082242,77.60047802784571
1667675803.4639208,12.971619797261782,77.59482265663135
1667675803.4639292,12.973871500136363,77.60075669308196
1667675803.463937,12.97890679889268,77.59613027077357
1667675803.463944,12.975607402346064,77.59838554927863
1667675803.4639518,12.971619874277463,77.59526912751218
1667675803.4639628,12.976027423702664,77.60406717874731
timestamp,latitude,longitude
1667675805.513796,12.97498999117566,77.602510408212
1667675805.513818,12.979516589144959,77.59870230072835
1667675805.513823,12.980364759970534,77.60304655589876
1667675805.5138292,12.977946669439824,77.60114056370715
1667675805.513834,12.979234128072425,77.6018890508886
1667675805.513838,12.974490525830152,77.59872424941264
1667675805.5138419,12.972408607438734,77.59804564272214
1667675805.513847,12.975299283937254,77.60097051151462
1667675805.513851,12.981322509112108,77.59781503946397
1667675805.513856,12.97407044957181,77.59799261514603
timestamp,latitude,longitude
1667675867.953357,12.973161074310037,77.5998802760034
1667675867.953377,12.980450954610166,77.59578724610064
1667675867.953401,12.97722570250485,77.60067885892532
1667675867.953409,12.977892155072764,77.59546618090063
1667675867.953415,12.977356113691307,77.59877175640734
1667675867.953422,12.972458444863305,77.60114542233006
1667675867.953429,12.976592964773317,77.60327304979424
1667675867.953435,12.978188599720198,77.60237791576817
1667675867.953442,12.977586507323794,77.60084082602978
1667675867.9534478,12.974711639250355,77.59769820394402
timestamp,latitude,longitude
1667675907.6507468,12.97377618968477,77.60026673045441
1667675907.6507719,12.979900544248695,77.59896372021625
1667675907.6507788,12.974345467088709,77.60098438710807
1667675907.6507862,12.976528238240393,77.59895805169458
1667675907.650792,12.9794393086453,77.59954355519577
1667675907.650799,12.972640143363423,77.5978820919728
1667675907.650805,12.971797339766558,77.59766055739
1667675907.650811,12.97331198703005,77.59493887501185
1667675907.650817,12.981478944090798,77.60072090930612
1667675907.6508238,12.98018123801235,77.59847405902899
timestamp,latitude,longitude
1667675911.631562,12.977864143540064,77.59669894462566
1667675911.631577,12.973474910767838,77.60052183448279
1667675911.6315808,12.971607698339431,77.6031754837128
1667675911.6315851,12.973617262763202,77.6006639343729
1667675911.631588,12.979527829797938,77.59868976755179
1667675911.631592,12.978887425179968,77.60431554467861
1667675911.631595,12.97897882055127,77.59955392317927
1667675911.631598,12.9779050164958,77.60424495793333
1667675911.6316018,12.979172537719638,77.60093856473095
1667675911.631605,12.974534885410188,77.60363392242778
timestamp,latitude,longitude
1667675937.964532,12.972501325553983,77.59858886544806
1667675937.9645472,12.972188833568108,77.60182698726287
1667675937.964551,12.979865806710245,77.59667068738986
1667675937.964555,12.97408676333443,77.60403839515143
1667675937.9645581,12.976832788773496,77.60243212919292
1667675937.964562,12.975119150384916,77.60369646024779
1667675937.964565,12.97718650322685,77.60081047962234
1667675937.9645681,12.974054422299906,77.59987699806173
1667675937.964572,12.981068646526168,77.59960390840976
1667675937.964575,12.975411792516987,77.60096366053526
timestamp,latitude,longitude
1667676198.5080059,12.974334499534162,77.59534685420131
1667676198.5080361,12.97960223239068,77.59693392986027
1667676198.508044,12.975910729903527,77.59600404233422
1667676198.508051,12.979600804055242,77.59833137207441
1667676198.508058,12.975617527552112,77.60325910643154
1667676198.508065,12.973822987683493,77.59983468680754
1667676198.508072,12.98068376570818,77.6040650129754
1667676198.508078,12.978448395719013,77.5952680179844
1667676198.508085,12.975942100007025,77.59963169359646
1667676198.508092,12.972381676822378,77.60024843596766
timestamp,latitude,longitude
1667676200.297125,12.974731229850521,77.59858654520573
1667676200.29714,12.972764121754222,77.59810190850874
1667676200.2971442,12.974058758395625,77.59977986850197
1667676200.297269,12.977787967553155,77.59635389295536
1667676200.297277,12.97813993084302,77.59591928189816
1667676200.297281,12.977221412394035,77.59869965350987
1667676200.2972841,12.975087984605235,77.60043823952789
1667676200.297288,12.972728107325636,77.60367863525542
1667676200.297292,12.973655523347793,77.60407356048212
1667676200.2972958,12.9786037339713,77.60309349857752
timestamp,latitude,longitude
1667676483.875284,12.97376659413411,77.60388677195424
1667676483.8753102,12.975162304776527,77.59836416183826
1667676483.875318,12.972716178931893,77.59623184039692
1667676483.875326,12.97634760987815,77.60352175355192
1667676483.875332,12.979071834012561,77.59885242272271
1667676483.875339,12.971625875273856,77.60392083628835
1667676483.875346,12.976229283703896,77.60040334174458
1667676483.875353,12.97708623132313,77.59903215327557
1667676483.87536,12.981433722467687,77.59670466579297
1667676483.875367,12.981006269414483,77.6002070010932
timestamp,latitude,longitude
1667677120.4015281,12.976829692776864,77.60101900090653
1667677120.4015481,12.975318436806774,77.59614337276022
1667677120.401555,12.975542669524707,77.60426746048994
1667677120.40156,12.977530549222767,77.5949597073307
1667677120.4015648,12.97368461280082,77.60354596347116
1667677120.40157,12.978819850761377,77.59952091551537
1667677120.4015749,12.981368216075516,77.60291803528162
1667677120.40158,12.978704211041725,77.60197144207812
1667677120.4015849,12.971802114332291,77.60294854439681
1667677120.40159,12.978791251738462,77.59586139239886
timestamp,latitude,longitude
1667677122.7497652,12.976774809211093,77.60253162037664
1667677122.74978,12.97524897341815,77.59489697684661
1667677122.749784,12.976388316303444,77.60055374292024
1667677122.7497878,12.981444988644377,77.60226361651246
1667677122.749791,12.972341630506284,77.59886127516103
1667677122.749795,12.980287895922206,77.60056098460625
1667677122.7497978,12.97424873457649,77.59881955801879
1667677122.7498019,12.972692321915009,77.60050306944011
1667677122.749805,12.97942619288467,77.60068679662344
1667677122.749808,12.974444022352355,77.60057031720793
timestamp,latitude,longitude
1667677236.832215,12.976299403370469,77.59542271031702
1667677236.832253,12.973777897279833,77.59924242113622
1667677236.832265,12.977650419170262,77.59762962969852
1667677236.832271,12.981394645965796,77.59706896490057
1667677236.832278,12.981157980708574,77.59560439801962
1667677236.832284,12.974693130902061,77.60268210545848
1667677236.83229,12.97963242436482,77.60053569761118
1667677236.832296,12.974987257067843,77.60044629415978
1667677236.832303,12.980376140866614,77.59956357160128
1667677236.832309,12.976763289058121,77.59602853653561
timestamp,latitude,longitude
1667677271.811209,12.980307291907069,77.60022392725027
1667677271.8112361,12.97674998535684,77.60382081167792
1667677271.811243,12.975817937958142,77.60276023089389
1667677271.8112488,12.976166806018476,77.59816220852815
1667677271.8112562,12.979090860587855,77.59521112693298
1667677271.811262,12.98050549212073,77.59687371736945
1667677271.811268,12.977213615627088,77.60204605224577
1667677271.811274,12.980129296272043,77.59638097653756
1667677271.8112798,12.974561173120827,77.60320671934986
1667677271.811286,12.977874896875566,77.60335111841974
timestamp,latitude,longitude
1667682952.414353,12.97378793047246,77.59569442295776
1667682952.4143739,12.976842448848345,77.60338050046914
1667682952.414381,12.976339860874708,77.60409276317337
1667682952.414386,12.977731090746751,77.60326965895645
1667682952.414391,12.974269932400327,77.59486419845939
1667682952.4143958,12.974905283249386,77.59602511772368
1667682952.414401,12.97396014574382,77.59746644189957
1667682952.4144058,12.978843131153583,77.60095983616661
1667682952.414411,12.974052689438334,77.59831547865758
1667682952.4144158,12.979797352885642,77.59868225730824
timestamp,latitude,longitude
1667682953.570789,12.972552458815517,77.59843750933487
1667682953.570805,12.974310903933098,77.60397642827601
1667682953.57081,12.980461602695078,77.59605947669873
1667682953.570814,12.975651758215253,77.59857520648468
1667682953.570817,12.97539261262731,77.60371733309108
1667682953.570821,12.973955982450246,77.59984697895733
1667682953.5708249,12.972323588243935,77.59959883874376
1667682953.570828,12.971991045003923,77.5992128127678
1667682953.5708318,12.980379304327888,77.60400516810623
1667682953.570836,12.981069593474007,77.60082293343679
timestamp,latitude,longitude
1667682962.431284,12.974071724354324,77.60145268322249
1667682962.431301,12.981493920992799,77.59474593883819
1667682962.431305,12.979496184667424,77.59524168068447
1667682962.431309,12.979027250560142,77.60078652472704
1667682962.4313128,12.979836291397378,77.59637148177102
1667682962.431316,12.980577699049507,77.59986993942377
1667682962.43132,12.978887318741302,77.5954205196059
1667682962.431324,12.972401918223492,77.60453334372318
1667682962.431328,12.97350123083718,77.59482497621347
1667682962.4313312,12.974207222720551,77.59816138093166
timestamp,latitude,longitude
1667682963.919717,12.972630949180042,77.60107748381748
1667682963.9197319,12.977254526146497,77.59618258299423
1667682963.9197361,12.973018517395351,77.60441214919776
1667682963.91974,12.973500652075902,77.59746261814148
1667682963.919743,12.974430680030778,77.59852431578035
1667682963.919747,12.973945124029552,77.59965856772732
1667682963.91975,12.977935557006269,77.60220118120286
1667682963.919754,12.971998748248675,77.59687629275045
1667682963.9197571,12.975327330266552,77.59623809234915
1667682963.91976,12.978363868926792,77.59668647014112
timestamp,latitude,longitude
1667683932.4920042,12.979279033810196,77.59724780756866
1667683932.492022,12.976054980892798,77.59540484187274
1667683932.492026,12.97821336562724,77.6005688401591
1667683932.49203,12.975839180910935,77.60074243617747
1667683932.492034,12.975523591235648,77.59771079119724
1667683932.4920378,12.976160883909394,77.60371282758634
1667683932.492042,12.976518752254364,77.5972332868632
1667683932.4920452,12.981386318722215,77.59471476584244
1667683932.492049,12.978650463993047,77.59782960583348
1667683932.492053,12.971745784165716,77.59898648701733
timestamp,latitude,longitude
1667683934.386546,12.974343566174705,77.59689370286213
1667683934.386562,12.978874090047018,77.6012502879721
1667683934.386566,12.975731146333153,77.59615878229067
1667683934.386569,12.97363749200065,77.59900929897769
1667683934.386573,12.981335799463531,77.6015952917882
1667683934.386576,12.981531695967327,77.60143699870069
1667683934.386579,12.973703558449161,77.60372758383346
1667683934.386583,12.972890775061392,77.59538986356736
1667683934.3865862,12.976065238645786,77.59503160632794
1667683934.38659,12.973724977103942,77.59611868346965
timestamp,latitude,longitude
1667684245.4861598,12.978269456480687,77.6032441732348
1667684245.486177,12.97177257023892,77.59917375033133
1667684245.486181,12.974200263305148,77.59688710174358
1667684245.486185,12.978857159518586,77.59560837420706
1667684245.486188,12.97515686927135,77.5997538717429
1667684245.4861922,12.974377234546198,77.60034241721627
1667684245.4861948,12.978432470649246,77.60162492649212
1667684245.4861991,12.977954822341623,77.59942914482585
1667684245.486202,12.979695609497258,77.59647033648206
1667684245.4862049,12.976703043189769,77.60218721325104
timestamp,latitude,longitude
1667684364.898182,12.976291636948428,77.60006155146273
1667684364.898209,12.971624075950837,77.59666832371279
1667684364.898217,12.971668236683815,77.59751499504769
1667684364.8982232,12.972896930977825,77.600190173314
1667684364.89823,12.978656825046901,77.60139014486315
1667684364.8982358,12.974560682596614,77.60367115229404
1667684364.898242,12.977298028633522,77.5963090368036
1667684364.898249,12.981191649569043,77.60244993991145
1667684364.898255,12.980344865594763,77.6044128061181
1667684364.898261,12.980075291953495,77.5987078504377
timestamp,latitude,longitude
1667684431.2053308,12.975431593137563,77.60372490182638
1667684431.2053518,12.976705856062773,77.60120879617574
1667684431.205358,12.97436634979981,77.5996255616405
1667684431.205363,12.977048364176134,77.59952524566047
1667684431.205368,12.976807891170145,77.59491284982204
1667684431.2053728,12.97471130056743,77.59542129164927
1667684431.205378,12.977143067609566,77.59717530364519
1667684431.2053828,12.981423605868818,77.60223674960744
1667684431.205388,12.98063626630832,77.6035012318062
1667684431.2053928,12.978226434147405,77.60196790507437
timestamp,latitude,longitude
1667720145.114434,12.974733067031591,77.59941975436615
1667720145.114463,12.978882254249362,77.60190409745998
1667720145.114471,12.976734578922787,77.5950473028272
1667720145.114478,12.976874549920119,77.60285761761338
1667720145.114485,12.974499400528503,77.59553836344163
1667720145.114491,12.976399017075172,77.6003077315133
1667720145.1144981,12.979789614618154,77.601303631974
1667720145.1145039,12.979630002783196,77.59719035309028
1667720145.114511,12.972941372393404,77.5950476913091
1667720145.114518,12.977179063467828,77.6022496789719
timestamp,latitude,longitude
1667720147.1553469,12.971654342377402,77.59621888718439
1667720147.1553621,12.980296509870328,77.59599139308797
1667720147.155367,12.973792433785441,77.59920837601253
1667720147.15537,12.976058326317737,77.59823941116076
1667720147.155374,12.977960410717632,77.60338270206036
1667720147.155377,12.978653586757584,77.60073230957644
1667720147.155381,12.980335325315925,77.60251648943594
1667720147.155384,12.97658615073914,77.60015002298702
1667720147.1553879,12.979990195188861,77.60035964077865
1667720147.155391,12.974494620620515,77.5961278901506
timestamp,latitude,longitude
1667720197.9394019,12.980261130915334,77.59574146551539
1667720197.9394188,12.980941692532069,77.60203002951545
1667720197.939424,12.973916578845978,77.60051982098119
1667720197.9394271,12.97712411663825,77.59641222157579
1667720197.939431,12.976329062145073,77.59477471677471
1667720197.939435,12.975077912348501,77.59607726108574
1667720197.939438,12.980191522408855,77.6035754433318
1667720197.939442,12.979623355080037,77.59930333471979
1667720197.939446,12.974821130686946,77.6006396256203
1667720197.93945,12.976315223904074,77.59505137249934
timestamp,latitude,longitude
1667720394.348303,12.97423445669171,77.602814165093
1667720394.3483179,12.980762528510848,77.59779218314638
1667720394.348323,12.98073713833061,77.5967691420077
1667720394.348326,12.973644846084664,77.6009668086911
1667720394.34833,12.975615442685925,77.60128012904799
1667720394.3483331,12.976950579784175,77.59978508799622
1667720394.348337,12.979219370128162,77.59462884241113
1667720394.34834,12.971942020390301,77.59720337429268
1667720394.3483431,12.979027216453426,77.5983397598579
1667720394.348347,12.97426394770269,77.59567077590539
timestamp,latitude,longitude
1667721004.543058,12.976665644809692,77.59470971574406
1667721004.543078,12.97306934929738,77.59774585109965
1667721004.5430841,12.976909594061729,77.59701459167891
1667721004.5430899,12.981442880473361,77.60068578609128
1667721004.543095,12.980901508092979,77.5980416960558
1667721004.5430999,12.971742434905247,77.60076714732203
1667721004.5431051,12.97554046469331,77.59767322625096
1667721004.54311,12.980305854975477,77.5969821666617
1667721004.543115,12.977812210801263,77.59567345050843
1667721004.54312,12.973295149966216,77.60048082483485
timestamp,latitude,longitude
1667721082.8869061,12.976482376704425,77.59582021823365
1667721082.886923,12.980455093941552,77.59533340667603
1667721082.8869278,12.977257691881057,77.5966971659054
1667721082.886932,12.975148694218756,77.59612889604917
1667721082.886936,12.978488400580202,77.60360295768518
1667721082.8869388,12.97241757468494,77.59878777889132
1667721082.8869429,12.98013452974349,77.59495429588331
1667721082.8869472,12.980755480047348,77.60315324047953
1667721082.8869498,12.972890670616636,77.59707129950546
1667721082.886954,12.978265205060437,77.6037574498225
timestamp,latitude,longitude
1667721165.670145,12.978734793562511,77.60168419999637
1667721165.67017,12.98052860846799,77.60122076268024
1667721165.670177,12.976328135623081,77.59478473527375
1667721165.670184,12.978825517888744,77.59466957994603
1667721165.670191,12.972002764251416,77.59711638883729
1667721165.670197,12.981587507601775,77.59565136935207
1667721165.670203,12.975390084416484,77.60373349830196
1667721165.670209,12.97271543879036,77.59809802773613
1667721165.6702158,12.979300249788993,77.59470572490802
1667721165.670222,12.97978445130557,77.60388973217164
timestamp,latitude,longitude
1667721263.536148,12.97516027314781,77.59673172764381
1667721263.536173,12.974484035933889,77.60103251820428
1667721263.536181,12.980435692601624,77.59818425456002
1667721263.536187,12.979164604163591,77.59688195647128
1667721263.5361931,12.98064501741157,77.59980318677333
1667721263.5362,12.980336516223524,77.59584144612178
1667721263.536206,12.979472853006373,77.60262394469807
1667721263.536212,12.973958551520935,77.60066428415217
1667721263.536219,12.973586868716275,77.6023587930454
1667721263.536225,12.971828713747925,77.60281550896505
timestamp,latitude,longitude
1667721328.8099468,12.974632506872286,77.6045498421666
1667721328.809977,12.975324784905489,77.60138228803856
1667721328.809987,12.979979371806605,77.5963661272673
1667721328.809995,12.979005051355996,77.60256623255331
1667721328.810004,12.976753484024211,77.60424544762016
1667721328.8100119,12.971621081014202,77.5976236760946
1667721328.8100212,12.973492461907194,77.60374092668911
1667721328.81003,12.97781384267709,77.60433278243713
1667721328.810039,12.980277166872867,77.59802461960305
1667721328.810047,12.97988349775421,77.60031252097356
timestamp,latitude,longitude
1667721414.261374,12.980803750535545,77.6025312125145
1667721414.261389,12.980061997954765,77.60204447961063
1667721414.2613928,12.977749620962356,77.59488159918067
1667721414.261397,12.975434821876659,77.5959066002944
1667721414.2614,12.973680779568037,77.60187715063024
1667721414.2614038,12.979702150810882,77.5962888070645
1667721414.261407,12.973989706365646,77.60424997034106
1667721414.2614112,12.979123293542798,77.59536194139112
1667721414.2614138,12.97652540989965,77.59972110185637
1667721414.2614179,12.976704293115208,77.5976560831069
timestamp,latitude,longitude
1667721435.381655,12.973047329986358,77.60092732704189
1667721435.38167,12.975842835599222,77.59759896785957
1667721435.381674,12.97853488783856,77.6033466943405
1667721435.381678,12.97224249021191,77.59807045442199
1667721435.381681,12.979506496489936,77.60048344512707
1667721435.381685,12.977354362236357,77.60200479272189
1667721435.381688,12.980483752011471,77.59480732449926
1667721435.381691,12.981373332307198,77.59576829279266
1667721435.381695,12.971749347920838,77.59969371915643
1667721435.3816981,12.972870656691398,77.59466986483426
timestamp,latitude,longitude
1667721493.778645,12.973628266407053,77.59513958192397
1667721493.7786748,12.97169248127891,77.59735028484693
1667721493.7786849,12.979340723436378,77.59805264504512
1667721493.7786932,12.981002321533488,77.60263310931272
1667721493.778701,12.975230801565687,77.59627810200166
1667721493.778709,12.973967773706306,77.59780554571245
1667721493.778717,12.973719935279409,77.59659430700084
1667721493.7787251,12.977600142382446,77.60353100978246
1667721493.778733,12.979993937742343,77.59677399859032
1667721493.778741,12.972843215617965,77.59820975691092
timestamp,latitude,longitude
1667721573.745533,12.978691828105203,77.60039173075691
1667721573.745558,12.976178532670028,77.59482735277865
1667721573.745566,12.97634219186769,77.59779192245497
1667721573.745572,12.979333354497745,77.59701615454325
1667721573.745578,12.971943046495415,77.59948891211614
1667721573.745584,12.971977511020764,77.60446741779671
1667721573.74559,12.972876700549433,77.59802373637804
1667721573.745597,12.973937218899513,77.59828740004397
1667721573.745603,12.975368786905175,77.5997226015797
1667721573.745609,12.980216245639465,77.60236328612329
timestamp,latitude,longitude
1667721609.4607549,12.981204042653193,77.59790072199469
1667721609.4607701,12.980590061757091,77.59956302954703
1667721609.460774,12.976122939101494,77.59878686234309
1667721609.460778,12.976549369506143,77.60259427911483
1667721609.460781,12.977054058721773,77.60449754034579
1667721609.460785,12.97534166412467,77.59643617570744
1667721609.460788,12.974036473534298,77.59892085443616
1667721609.460792,12.978506766342202,77.59712242170794
1667721609.460795,12.974424439786127,77.60427562427792
1667721609.460798,12.979224939232662,77.6011577076364
timestamp,latitude,longitude
1667721681.219497,12.980291627212184,77.60368674559945
1667721681.219512,12.978428031808686,77.59650809264913
1667721681.2195158,12.974275364609342,77.60359059367798
1667721681.21952,12.977287151429879,77.59955358689034
1667721681.219523,12.974014773565157,77.59780697270172
1667721681.219527,12.97169859144036,77.60167075874257
1667721681.2195299,12.973929531419953,77.60331042525253
1667721681.219533,12.972004345769394,77.59877580272288
1667721681.2195368,12.980899005866936,77.60258761308569
1667721681.2195399,12.978437899192171,77.59958761110684
timestamp,latitude,longitude
1667721698.87674,12.975480131245025,77.60151318019128
1667721698.876755,12.974368464557353,77.60005121137381
1667721698.876759,12.974390648521142,77.59745813646235
1667721698.8767629,12.979005016349383,77.60331793141522
1667721698.876766,12.977836223613677,77.59527723253946
1667721698.87677,12.973605510253744,77.59688520219916
1667721698.876773,12.972573001323605,77.60069645812335
1667721698.876776,12.976592385064011,77.59735656359192
1667721698.87678,12.975077773405493,77.60281214266291
1667721698.8767831,12.971837562294684,77.59985032809507
timestamp,latitude,longitude
1667721777.094026,12.97796675705298,77.5984825413105
1667721777.09405,12.973516092590888,77.59966013741965
1667721777.094058,12.974746906812856,77.60063350179665
1667721777.094065,12.976191568529389,77.6044918208417
1667721777.0940711,12.975664535758886,77.60420175600852
1667721777.094078,12.973062287205261,77.60339546529208
1667721777.094084,12.973270030886583,77.59981744055179
1667721777.09409,12.980678600654992,77.59625784325378
1667721777.094096,12.972753010030944,77.59950531724377
1667721777.094102,12.97994657876731,77.60354487874379
timestamp,latitude,longitude
1667721801.954493,12.972185435554612,77.59702021822228
1667721801.954509,12.97733054238051,77.59691855872379
1667721801.9545128,12.978398567348288,77.60156156494781
1667721801.954517,12.979811044138165,77.59642821940366
1667721801.95452,12.975683611627018,77.59586686869604
1667721801.9545228,12.978220211793792,77.60148341612667
1667721801.954527,12.981584154306564,77.60377863836044
1667721801.95453,12.97541829984864,77.6031788699813
1667721801.9545338,12.973959307172299,77.60052843731175
1667721801.954537,12.972854287779347,77.60149690508865
timestamp,latitude,longitude
1667721815.086484,12.97671865171059,77.59461584077847
1667721815.0865002,12.979599072602554,77.60339565623836
1667721815.086504,12.978907641989942,77.59468546365204
1667721815.086508,12.97272083869535,77.59922663236608
1667721815.0865111,12.972930106702549,77.59850695138134
1667721815.086515,12.975100719452705,77.59524854139718
1667721815.086518,12.972684207766903,77.59477558929662
1667721815.086522,12.981177276111918,77.59698322276226
1667721815.086525,12.977147389613737,77.60250904516958
1667721815.086528,12.977671753109563,77.59661988806445
timestamp,latitude,longitude
1667721839.619317,12.976954797793946,77.59608006805591
1667721839.619361,12.975346217259093,77.59727924945942
1667721839.61937,12.973483777803978,77.5996619884871
1667721839.619377,12.976262556062638,77.59734093231
1667721839.619383,12.973292710418436,77.60122019192957
1667721839.61939,12.975572495233683,77.59999302216418
1667721839.619395,12.974976885265868,77.5975729149806
1667721839.619401,12.97921876816272,77.60294222392018
1667721839.619406,12.978484711442706,77.59517288836443
1667721839.619413,12.979980641519964,77.59631025939225
timestamp,latitude,longitude
1667721841.0555809,12.979096760587744,77.60003725288252
1667721841.055596,12.977396678864096,77.59861570352173
1667721841.055601,12.975032202510688,77.59485987062068
1667721841.055604,12.9789321461208,77.59718684494717
1667721841.055608,12.973640087465126,77.59969609102967
1667721841.055611,12.974852158414253,77.59516713220394
1667721841.055614,12.979305517520997,77.59484747900393
1667721841.055618,12.97182237661134,77.60104332768971
1667721841.0556211,12.980350709644092,77.60332885584253
1667721841.055625,12.972121321194088,77.59859494322762
timestamp,latitude,longitude
1667721885.285686,12.978738382958444,77.59750686271929
1667721885.285716,12.971801861311077,77.59480968457466
1667721885.285726,12.97952598253231,77.60202177896869
1667721885.2857332,12.97525691036073,77.59892982664788
1667721885.285741,12.97446460945926,77.6021472161295
1667721885.285749,12.976707466411812,77.60112367436669
1667721885.2857568,12.97693410347731,77.59662457426688
1667721885.285764,12.973436540495154,77.60115730637285
1667721885.285772,12.979555513204572,77.60393543059882
1667721885.285779,12.972327896591706,77.60172935795774
